Date,Close,Predicted Close,Date
2017-08-17,910.97998046875,925.7922,2017-08-17
2017-08-18,910.6699829101562,924.1565,2017-08-18
2017-08-21,906.6599731445312,922.8648,2017-08-21
2017-08-22,924.6900024414062,921.7486,2017-08-22
2017-08-23,927.0,920.8431,2017-08-23
2017-08-24,921.280029296875,920.25507,2017-08-24
2017-08-25,915.8900146484376,920.0159,2017-08-25
2017-08-28,913.8099975585938,920.05115,2017-08-28
2017-08-29,921.2899780273438,920.23315,2017-08-29
2017-08-30,929.5700073242188,920.51013,2017-08-30
2017-08-31,939.3300170898438,920.93604,2017-08-31
2017-09-01,937.3400268554688,921.66,2017-09-01
2017-09-05,928.4500122070312,922.7726,2017-09-05
2017-09-06,927.8099975585938,924.1982,2017-09-06
2017-09-07,935.9500122070312,925.7859,2017-09-07
2017-09-08,926.5,927.4496,2017-09-08
2017-09-11,929.0800170898438,929.0395,2017-09-11
2017-09-12,932.0700073242188,930.4408,2017-09-12
2017-09-13,935.0900268554688,931.60986,2017-09-13
2017-09-14,925.1099853515624,932.57117,2017-09-14
2017-09-15,920.2899780273438,933.2775,2017-09-15
2017-09-18,915.0,933.63794,2017-09-18
2017-09-19,921.8099975585938,933.5449,2017-09-19
2017-09-20,931.5800170898438,933.0119,2017-09-20
2017-09-21,932.4500122070312,932.2143,2017-09-21
2017-09-22,928.530029296875,931.36566,2017-09-22
2017-09-25,920.969970703125,930.6069,2017-09-25
2017-09-26,924.8599853515624,929.94653,2017-09-26
2017-09-27,944.489990234375,929.3821,2017-09-27
2017-09-28,949.5,929.0886,2017-09-28
2017-09-29,959.1099853515624,929.2792,2017-09-29
2017-10-02,953.27001953125,930.1719,2017-10-02
2017-10-03,957.7899780273438,931.81165,2017-10-03
2017-10-04,951.6799926757812,934.14685,2017-10-04
2017-10-05,969.9600219726562,936.9786,2017-10-05
2017-10-06,978.8900146484376,940.2234,2017-10-06
2017-10-09,977.0,943.8796,2017-10-09
2017-10-10,972.5999755859376,947.89026,2017-10-10
2017-10-11,989.25,952.0915,2017-10-11
2017-10-12,987.8300170898438,956.43085,2017-10-12
2017-10-13,989.6799926757812,960.8397,2017-10-13
2017-10-16,992.0,965.2334,2017-10-16
2017-10-17,992.1799926757812,969.52484,2017-10-17
2017-10-18,992.8099975585938,973.61816,2017-10-18
2017-10-19,984.4500122070312,977.42084,2017-10-19
2017-10-20,988.2000122070312,980.7739,2017-10-20
2017-10-23,968.4500122070312,983.57666,2017-10-23
2017-10-24,970.5399780273438,985.6047,2017-10-24
2017-10-25,973.3300170898438,986.7133,2017-10-25
2017-10-26,972.5599975585938,986.90564,2017-10-26
2017-10-27,1019.27001953125,986.28815,2017-10-27
2017-10-30,1017.1099853515624,985.4679,2017-10-30
2017-10-31,1016.6400146484376,985.04285,2017-10-31
2017-11-01,1025.5,985.41156,2017-11-01
2017-11-02,1025.5799560546875,986.8154,2017-11-02
2017-11-03,1032.47998046875,989.2881,2017-11-03
2017-11-06,1025.9000244140625,992.74786,2017-11-06
2017-11-07,1033.3299560546875,996.9333,2017-11-07
2017-11-08,1039.8499755859375,1001.5752,2017-11-08
2017-11-09,1031.260009765625,1006.46094,2017-11-09
2017-11-10,1028.0699462890625,1011.31244,2017-11-10
2017-11-13,1025.75,1015.83655,2017-11-13
2017-11-14,1026.0,1019.7775,2017-11-14
2017-11-15,1020.9099731445312,1022.9705,2017-11-15
2017-11-16,1032.5,1025.3035,2017-11-16
2017-11-17,1019.0900268554688,1026.8599,2017-11-17
2017-11-20,1018.3800048828124,1027.6788,2017-11-20
2017-11-21,1034.489990234375,1027.8142,2017-11-21
2017-11-22,1035.9599609375,1027.5049,2017-11-22
2017-11-24,1040.6099853515625,1027.0294,2017-11-24
2017-11-27,1054.2099609375,1026.6603,2017-11-27
2017-11-28,1047.4100341796875,1026.7119,2017-11-28
2017-11-29,1021.6599731445312,1027.3285,2017-11-29
2017-11-30,1021.4099731445312,1028.2744,2017-11-30
2017-12-01,1010.1699829101562,1029.2244,2017-12-01
2017-12-04,998.6799926757812,1029.8029,2017-12-04
2017-12-05,1005.1500244140624,1029.642,2017-12-05
2017-12-06,1018.3800048828124,1028.5972,2017-12-06
2017-12-07,1030.9300537109375,1026.8336,2017-12-07
2017-12-08,1037.050048828125,1024.7559,2017-12-08
2017-12-11,1041.0999755859375,1022.8303,2017-12-11
2017-12-12,1040.47998046875,1021.45795,2017-12-12
2017-12-13,1040.6099853515625,1020.87115,2017-12-13
2017-12-14,1049.1500244140625,1021.1323,2017-12-14
2017-12-15,1064.18994140625,1022.2455,2017-12-15
2017-12-18,1077.1400146484375,1024.261,2017-12-18
2017-12-19,1070.6800537109375,1027.2643,2017-12-19
2017-12-20,1064.949951171875,1031.1669,2017-12-20
2017-12-21,1063.6300048828125,1035.694,2017-12-21
2017-12-22,1060.1199951171875,1040.4866,2017-12-22
2017-12-26,1056.739990234375,1045.1624,2017-12-26
2017-12-27,1049.3699951171875,1049.3722,2017-12-27
2017-12-28,1048.1400146484375,1052.8019,2017-12-28
2017-12-29,1046.4000244140625,1055.2504,2017-12-29
2018-01-02,1065.0,1056.6411,2018-01-02
2018-01-03,1082.47998046875,1057.1937,2018-01-03
2018-01-04,1086.4000244140625,1057.3754,2018-01-04
2018-01-05,1102.22998046875,1057.6604,2018-01-05
2018-01-08,1106.93994140625,1058.5259,2018-01-08
2018-01-09,1106.260009765625,1060.3046,2018-01-09
2018-01-10,1102.6099853515625,1063.0967,2018-01-10
2018-01-11,1105.52001953125,1066.7634,2018-01-11
2018-01-12,1122.260009765625,1071.055,2018-01-12
2018-01-16,1121.760009765625,1075.8241,2018-01-16
2018-01-17,1131.97998046875,1080.9104,2018-01-17
2018-01-18,1129.7900390625,1086.2185,2018-01-18
2018-01-19,1137.510009765625,1091.6116,2018-01-19
2018-01-22,1155.81005859375,1096.9908,2018-01-22
2018-01-23,1169.969970703125,1102.4142,2018-01-23
2018-01-24,1164.239990234375,1108.0446,2018-01-24
2018-01-25,1170.3699951171875,1113.9082,2018-01-25
2018-01-26,1175.8399658203125,1119.9615,2018-01-26
2018-01-29,1175.5799560546875,1126.1257,2018-01-29
2018-01-30,1163.68994140625,1132.2607,2018-01-30
2018-01-31,1169.93994140625,1138.0797,2018-01-31
2018-02-01,1167.699951171875,1143.354,2018-02-01
2018-02-02,1111.9000244140625,1147.906,2018-02-02
2018-02-05,1055.800048828125,1151.1222,2018-02-05
2018-02-06,1080.5999755859375,1151.9838,2018-02-06
2018-02-07,1048.5799560546875,1150.0259,2018-02-07
2018-02-08,1001.52001953125,1145.0201,2018-02-08
2018-02-09,1037.780029296875,1136.7224,2018-02-09
2018-02-12,1051.93994140625,1125.605,2018-02-12
2018-02-13,1052.0999755859375,1112.6708,2018-02-13
2018-02-14,1069.699951171875,1099.0693,2018-02-14
2018-02-15,1089.52001953125,1086.0164,2018-02-15
2018-02-16,1094.800048828125,1074.6752,2018-02-16
2018-02-20,1102.4599609375,1065.8995,2018-02-20
2018-02-21,1111.3399658203125,1060.1742,2018-02-21
2018-02-22,1106.6300048828125,1057.6451,2018-02-22
2018-02-23,1126.7900390625,1058.0573,2018-02-23
2018-02-26,1143.75,1061.0697,2018-02-26
2018-02-27,1118.2900390625,1066.3481,2018-02-27
2018-02-28,1104.72998046875,1073.2052,2018-02-28
2018-03-01,1069.52001953125,1080.7322,2018-03-01
2018-03-02,1078.9200439453125,1087.7631,2018-03-02
2018-03-05,1090.9300537109375,1093.4402,2018-03-05
2018-03-06,1095.06005859375,1097.4015,2018-03-06
2018-03-07,1109.6400146484375,1099.6716,2018-03-07
2018-03-08,1126.0,1100.6262,2018-03-08
2018-03-09,1160.0400390625,1100.8805,2018-03-09
2018-03-12,1164.5,1101.3096,2018-03-12
2018-03-13,1138.1700439453125,1102.6417,2018-03-13
2018-03-14,1149.489990234375,1105.0262,2018-03-14
2018-03-15,1149.5799560546875,1108.3868,2018-03-15
2018-03-16,1135.72998046875,1112.4872,2018-03-16
2018-03-19,1099.8199462890625,1116.8853,2018-03-19
2018-03-20,1097.7099609375,1120.8049,2018-03-20
2018-03-21,1090.8800048828125,1123.5648,2018-03-21
2018-03-22,1049.0799560546875,1124.7031,2018-03-22
2018-03-23,1021.5700073242188,1123.685,2018-03-23
2018-03-26,1053.2099609375,1120.0232,2018-03-26
2018-03-27,1005.0999755859376,1113.9005,2018-03-27
2018-03-28,1004.5599975585938,1105.4565,2018-03-28
2018-03-29,1031.7900390625,1095.0253,2018-03-29
2018-04-02,1006.469970703125,1083.4005,2018-04-02
2018-04-03,1013.4099731445312,1071.264,2018-04-03
2018-04-04,1025.1400146484375,1059.2898,2018-04-04
2018-04-05,1027.81005859375,1048.1707,2018-04-05
2018-04-06,1007.0399780273438,1038.4819,2018-04-06
2018-04-09,1015.4500122070312,1030.3994,2018-04-09
2018-04-10,1031.6400146484375,1023.9632,2018-04-10
2018-04-11,1019.969970703125,1019.25214,2018-04-11
2018-04-12,1032.510009765625,1016.15045,2018-04-12
2018-04-13,1029.27001953125,1014.54584,2018-04-13
2018-04-16,1037.97998046875,1014.237,2018-04-16
2018-04-17,1074.1600341796875,1015.04266,2018-04-17
2018-04-18,1072.0799560546875,1017.08594,2018-04-18
2018-04-19,1087.699951171875,1020.42334,2018-04-19
2018-04-20,1072.9599609375,1025.0924,2018-04-20
2018-04-23,1067.449951171875,1030.8324,2018-04-23
2018-04-24,1019.97998046875,1037.1746,2018-04-24
2018-04-25,1021.1799926757812,1043.1705,2018-04-25
2018-04-26,1040.0400390625,1047.9663,2018-04-26
2018-04-27,1030.050048828125,1051.194,2018-04-27
2018-04-30,1017.3300170898438,1052.7341,2018-04-30
2018-05-01,1037.31005859375,1052.5728,2018-05-01
2018-05-02,1024.3800048828125,1051.04,2018-05-02
2018-05-03,1023.719970703125,1048.4753,2018-05-03
2018-05-04,1048.2099609375,1045.2158,2018-05-04
2018-05-07,1054.7900390625,1041.8085,2018-05-07
2018-05-08,1053.9100341796875,1038.8138,2018-05-08
2018-05-09,1082.760009765625,1036.6283,2018-05-09
2018-05-10,1097.5699462890625,1035.7115,2018-05-10
2018-05-11,1098.260009765625,1036.4644,2018-05-11
2018-05-14,1100.199951171875,1039.0321,2018-05-14
2018-05-15,1079.22998046875,1043.2971,2018-05-15
2018-05-16,1081.77001953125,1048.73,2018-05-16
2018-05-17,1078.5899658203125,1054.706,2018-05-17
2018-05-18,1066.3599853515625,1060.6212,2018-05-18
2018-05-21,1079.5799560546875,1065.8842,2018-05-21
2018-05-22,1069.72998046875,1070.1971,2018-05-22
2018-05-23,1079.68994140625,1073.3767,2018-05-23
2018-05-24,1079.239990234375,1075.4729,2018-05-24
2018-05-25,1075.6600341796875,1076.6492,2018-05-25
2018-05-29,1060.3199462890625,1077.0807,2018-05-29
2018-05-30,1067.800048828125,1076.8043,2018-05-30
2018-05-31,1084.989990234375,1075.9243,2018-05-31
2018-06-01,1119.5,1074.7458,2018-06-01
2018-06-04,1139.2900390625,1073.9017,2018-06-04
2018-06-05,1139.6600341796875,1074.1155,2018-06-05
2018-06-06,1136.8800048828125,1075.8577,2018-06-06
2018-06-07,1123.8599853515625,1079.2295,2018-06-07
2018-06-08,1120.8699951171875,1083.9103,2018-06-08
2018-06-11,1129.989990234375,1089.3667,2018-06-11
2018-06-12,1139.3199462890625,1095.1232,2018-06-12
2018-06-13,1134.7900390625,1100.8663,2018-06-13
2018-06-14,1152.1199951171875,1106.3279,2018-06-14
2018-06-15,1152.260009765625,1111.459,2018-06-15
2018-06-18,1173.4599609375,1116.2688,2018-06-18
2018-06-19,1168.06005859375,1120.9536,2018-06-19
2018-06-20,1169.8399658203125,1125.6245,2018-06-20
2018-06-21,1157.6600341796875,1130.3054,2018-06-21
2018-06-22,1155.47998046875,1134.8248,2018-06-22
2018-06-25,1124.81005859375,1138.9451,2018-06-25
2018-06-26,1118.4599609375,1142.1824,2018-06-26
2018-06-27,1103.97998046875,1144.0895,2018-06-27
2018-06-28,1114.219970703125,1144.3037,2018-06-28
2018-06-29,1115.6500244140625,1142.8098,2018-06-29
2018-07-02,1127.4599609375,1139.8588,2018-07-02
2018-07-03,1102.8900146484375,1135.9596,2018-07-03
2018-07-05,1124.27001953125,1131.4401,2018-07-05
2018-07-06,1140.1700439453125,1126.7648,2018-07-06
2018-07-09,1154.050048828125,1122.5099,2018-07-09
2018-07-10,1152.8399658203125,1119.263,2018-07-10
2018-07-11,1153.9000244140625,1117.3953,2018-07-11
2018-07-12,1183.47998046875,1117.0321,2018-07-12
2018-07-13,1188.8199462890625,1118.3499,2018-07-13
2018-07-16,1183.8599853515625,1121.4028,2018-07-16
2018-07-17,1198.800048828125,1125.9894,2018-07-17
2018-07-18,1195.8800048828125,1131.8643,2018-07-18
2018-07-19,1186.9599609375,1138.658,2018-07-19
2018-07-20,1184.9100341796875,1145.8522,2018-07-20
2018-07-23,1205.5,1152.9111,2018-07-23
2018-07-24,1248.0799560546875,1159.577,2018-07-24
2018-07-25,1263.699951171875,1166.105,2018-07-25
2018-07-26,1268.3299560546875,1172.9265,2018-07-26
2018-07-27,1238.5,1180.3569,2018-07-27
2018-07-30,1219.739990234375,1188.1897,2018-07-30
2018-07-31,1217.260009765625,1195.8331,2018-07-31
2018-08-01,1220.010009765625,1202.6576,2018-08-01
2018-08-02,1226.1500244140625,1208.2183,2018-08-02
2018-08-03,1223.7099609375,1212.3511,2018-08-03
2018-08-06,1224.77001953125,1215.069,2018-08-06
2018-08-07,1242.219970703125,1216.5253,2018-08-07
2018-08-08,1245.6099853515625,1217.1095,2018-08-08
2018-08-09,1249.0999755859375,1217.262,2018-08-09
2018-08-10,1237.6099853515625,1217.374,2018-08-10
2018-08-13,1235.010009765625,1217.6056,2018-08-13
2018-08-14,1242.0999755859375,1217.963,2018-08-14
2018-08-15,1214.3800048828125,1218.4539,2018-08-15
2018-08-16,1206.489990234375,1218.8154,2018-08-16
2018-08-17,1200.9599609375,1218.7141,2018-08-17
2018-08-20,1207.77001953125,1217.874,2018-08-20
2018-08-21,1201.6199951171875,1216.2433,2018-08-21
2018-08-22,1207.3299560546875,1213.8751,2018-08-22
2018-08-23,1205.3800048828125,1210.9731,2018-08-23
2018-08-24,1220.6500244140625,1207.7808,2018-08-24
2018-08-27,1241.8199462890625,1204.6785,2018-08-27
2018-08-28,1231.1500244140625,1202.1975,2018-08-28
2018-08-29,1249.300048828125,1200.6467,2018-08-29
2018-08-30,1239.1199951171875,1200.2913,2018-08-30
2018-08-31,1218.18994140625,1201.1266,2018-08-31
2018-09-04,1197.0,1202.7787,2018-09-04
2018-09-05,1186.47998046875,1204.5957,2018-09-05
2018-09-06,1171.43994140625,1205.9008,2018-09-06
2018-09-07,1164.8299560546875,1206.0922,2018-09-07
2018-09-10,1164.6400146484375,1204.7864,2018-09-10
2018-09-11,1177.3599853515625,1201.9016,2018-09-11
2018-09-12,1162.8199462890625,1197.735,2018-09-12
2018-09-13,1175.3299560546875,1192.6208,2018-09-13
2018-09-14,1172.530029296875,1187.045,2018-09-14
2018-09-17,1156.050048828125,1181.4636,2018-09-17
2018-09-18,1161.219970703125,1176.0981,2018-09-18
2018-09-19,1171.0899658203125,1171.1166,2018-09-19
2018-09-20,1186.8699951171875,1166.7319,2018-09-20
2018-09-21,1166.0899658203125,1163.2542,2018-09-21
2018-09-24,1173.3699951171875,1160.714,2018-09-24
2018-09-25,1184.6500244140625,1159.07,2018-09-25
2018-09-26,1180.489990234375,1158.3223,2018-09-26
2018-09-27,1194.6400146484375,1158.388,2018-09-27
2018-09-28,1193.469970703125,1159.2523,2018-09-28
2018-10-01,1195.31005859375,1160.8475,2018-10-01
2018-10-02,1200.1099853515625,1163.0569,2018-10-02
2018-10-03,1202.949951171875,1165.758,2018-10-03
2018-10-04,1168.18994140625,1168.824,2018-10-04
2018-10-05,1157.3499755859375,1171.787,2018-10-05
2018-10-08,1148.969970703125,1174.0869,2018-10-08
2018-10-09,1138.8199462890625,1175.2421,2018-10-09
2018-10-10,1081.219970703125,1174.9136,2018-10-10
2018-10-11,1079.3199462890625,1172.4908,2018-10-11
2018-10-12,1110.0799560546875,1167.6136,2018-10-12
2018-10-15,1092.25,1160.6069,2018-10-15
2018-10-16,1121.280029296875,1151.9792,2018-10-16
2018-10-17,1115.68994140625,1142.6228,2018-10-17
2018-10-18,1087.969970703125,1133.3892,2018-10-18
2018-10-19,1096.4599609375,1124.7031,2018-10-19
2018-10-22,1101.1600341796875,1116.8557,2018-10-22
2018-10-23,1103.68994140625,1110.0695,2018-10-23
2018-10-24,1050.7099609375,1104.4943,2018-10-24
2018-10-25,1095.5699462890625,1099.6958,2018-10-25
2018-10-26,1071.469970703125,1095.5831,2018-10-26
2018-10-29,1020.0800170898438,1091.9668,2018-10-29
2018-10-30,1036.2099609375,1088.2124,2018-10-30
2018-10-31,1076.77001953125,1083.9215,2018-10-31
2018-11-01,1070.0,1079.3362,2018-11-01
2018-11-02,1057.7900390625,1074.8398,2018-11-02
2018-11-05,1040.0899658203125,1070.6802,2018-11-05
2018-11-06,1055.81005859375,1066.8453,2018-11-06
2018-11-07,1093.3900146484375,1063.4003,2018-11-07
2018-11-08,1082.4000244140625,1060.7661,2018-11-08
2018-11-09,1066.1500244140625,1059.2225,2018-11-09
2018-11-12,1038.6300048828125,1058.7119,2018-11-12
2018-11-13,1036.050048828125,1058.7599,2018-11-13
2018-11-14,1043.6600341796875,1058.8278,2018-11-14
2018-11-15,1064.7099609375,1058.5758,2018-11-15
2018-11-16,1061.489990234375,1058.0444,2018-11-16
2018-11-19,1020.0,1057.3794,2018-11-19
2018-11-20,1025.760009765625,1056.3542,2018-11-20
2018-11-21,1037.6099853515625,1054.7767,2018-11-21
2018-11-23,1023.8800048828124,1052.6814,2018-11-23
2018-11-26,1048.6199951171875,1050.0957,2018-11-26
2018-11-27,1044.4100341796875,1047.3267,2018-11-27
2018-11-28,1086.22998046875,1044.6824,2018-11-28
2018-11-29,1088.300048828125,1042.7875,2018-11-29
2018-11-30,1094.4300537109375,1042.171,2018-11-30
2018-12-03,1106.4300537109375,1043.151,2018-12-03
2018-12-04,1050.8199462890625,1045.8702,2018-12-04
2018-12-06,1068.72998046875,1049.7048,2018-12-06
2018-12-07,1036.5799560546875,1054.0109,2018-12-07
2018-12-10,1039.550048828125,1057.945,2018-12-10
2018-12-11,1051.75,1060.8601,2018-12-11
2018-12-12,1063.6800537109375,1062.5132,2018-12-12
2018-12-13,1061.9000244140625,1063.0465,2018-12-13
2018-12-14,1042.0999755859375,1062.745,2018-12-14
2018-12-17,1016.530029296875,1061.7395,2018-12-17
2018-12-18,1028.7099609375,1059.8989,2018-12-18
2018-12-19,1023.010009765625,1057.2352,2018-12-19
2018-12-20,1009.4099731445312,1053.8319,2018-12-20
2018-12-21,979.5399780273438,1049.7347,2018-12-21
2018-12-24,976.219970703125,1044.7794,2018-12-24
2018-12-26,1039.4599609375,1038.8606,2018-12-26
2018-12-27,1043.8800048828125,1032.6307,2018-12-27
2018-12-28,1037.0799560546875,1026.9237,2018-12-28
2018-12-31,1035.6099853515625,1022.3553,2018-12-31
2019-01-02,1045.8499755859375,1019.2453,2019-01-02
2019-01-03,1016.0599975585938,1017.7465,2019-01-03
2019-01-04,1070.7099609375,1017.5352,2019-01-04
2019-01-07,1068.3900146484375,1018.6427,2019-01-07
2019-01-08,1076.280029296875,1021.0746,2019-01-08
2019-01-09,1074.6600341796875,1024.7831,2019-01-09
2019-01-10,1070.3299560546875,1029.5728,2019-01-10
2019-01-11,1057.18994140625,1035.0901,2019-01-11
2019-01-14,1044.68994140625,1040.803,2019-01-14
2019-01-15,1077.1500244140625,1046.088,2019-01-15
2019-01-16,1080.969970703125,1050.7493,2019-01-16
2019-01-17,1089.9000244140625,1054.8159,2019-01-17
2019-01-18,1098.260009765625,1058.4683,2019-01-18
2019-01-22,1070.52001953125,1061.9535,2019-01-22
2019-01-23,1075.5699462890625,1065.1896,2019-01-23
2019-01-24,1073.9000244140625,1068.0455,2019-01-24
2019-01-25,1090.989990234375,1070.3922,2019-01-25
2019-01-28,1070.0799560546875,1072.3088,2019-01-28
2019-01-29,1060.6199951171875,1073.7369,2019-01-29
2019-01-30,1089.06005859375,1074.5264,2019-01-30
2019-01-31,1116.3699951171875,1074.84,2019-01-31
2019-02-01,1110.75,1075.1755,2019-02-01
2019-02-04,1132.800048828125,1075.9398,2019-02-04
2019-02-05,1145.989990234375,1077.5596,2019-02-05
2019-02-06,1115.22998046875,1080.3887,2019-02-06
2019-02-07,1098.7099609375,1084.2543,2019-02-07
2019-02-08,1095.06005859375,1088.6011,2019-02-08
2019-02-11,1095.010009765625,1092.7972,2019-02-11
2019-02-12,1121.3699951171875,1096.3368,2019-02-12
2019-02-13,1120.1600341796875,1099.1561,2019-02-13
2019-02-14,1121.6700439453125,1101.3641,2019-02-14
2019-02-15,1113.6500244140625,1103.1339,2019-02-15
2019-02-19,1118.56005859375,1104.5499,2019-02-19
2019-02-20,1113.800048828125,1105.7014,2019-02-20
2019-02-21,1096.969970703125,1106.6168,2019-02-21
2019-02-22,1110.3699951171875,1107.1505,2019-02-22
2019-02-25,1109.4000244140625,1107.2893,2019-02-25
2019-02-26,1115.1300048828125,1107.0836,2019-02-26
2019-02-27,1116.050048828125,1106.67,2019-02-27
2019-02-28,1119.9200439453125,1106.2025,2019-02-28
2019-03-01,1140.989990234375,1105.8408,2019-03-01
2019-03-04,1147.800048828125,1105.8911,2019-03-04
2019-03-05,1162.030029296875,1106.6503,2019-03-05
2019-03-06,1157.8599853515625,1108.3997,2019-03-06
2019-03-07,1143.300048828125,1111.2068,2019-03-07
2019-03-08,1142.3199462890625,1114.813,2019-03-08
2019-03-11,1175.760009765625,1118.8268,2019-03-11
2019-03-12,1193.199951171875,1123.1637,2019-03-12
2019-03-13,1193.3199462890625,1127.9537,2019-03-13
2019-03-14,1185.550048828125,1133.2792,2019-03-14
2019-03-15,1184.4599609375,1139.0212,2019-03-15
2019-03-18,1184.260009765625,1144.9332,2019-03-18
2019-03-19,1198.8499755859375,1150.7241,2019-03-19
2019-03-20,1223.969970703125,1156.2576,2019-03-20
2019-03-21,1231.5400390625,1161.6779,2019-03-21
2019-03-22,1205.5,1167.1997,2019-03-22
2019-03-25,1193.0,1172.698,2019-03-25
2019-03-26,1184.6199951171875,1177.8088,2019-03-26
2019-03-27,1173.02001953125,1182.0979,2019-03-27
2019-03-28,1168.489990234375,1185.144,2019-03-28
2019-03-29,1173.31005859375,1186.6721,2019-03-29
2019-04-01,1194.4300537109375,1186.6722,2019-04-01
2019-04-02,1200.489990234375,1185.5261,2019-04-02
2019-04-03,1205.9200439453125,1183.7806,2019-04-03
2019-04-04,1215.0,1181.9897,2019-04-04
2019-04-05,1207.1500244140625,1180.6554,2019-04-05
2019-04-08,1203.8399658203125,1180.0255,2019-04-08
2019-04-09,1197.25,1180.1221,2019-04-09
2019-04-10,1202.1600341796875,1180.7733,2019-04-10
2019-04-11,1204.6199951171875,1181.7947,2019-04-11
2019-04-12,1217.8699951171875,1183.0356,2019-04-12
2019-04-15,1221.0999755859375,1184.4945,2019-04-15
2019-04-16,1227.1300048828125,1186.2173,2019-04-16
2019-04-17,1236.3399658203125,1188.2719,2019-04-17
2019-04-18,1236.3699951171875,1190.7538,2019-04-18
2019-04-22,1248.8399658203125,1193.6843,2019-04-22
2019-04-23,1264.550048828125,1197.1064,2019-04-23
2019-04-24,1256.0,1201.1307,2019-04-24
2019-04-25,1263.449951171875,1205.6934,2019-04-25
2019-04-26,1272.1800537109375,1210.6777,2019-04-26
2019-04-29,1287.5799560546875,1215.9814,2019-04-29
2019-04-30,1188.47998046875,1221.5986,2019-04-30
2019-05-01,1168.0799560546875,1226.573,2019-05-01
2019-05-02,1162.6099853515625,1229.7461,2019-05-02
2019-05-03,1185.4000244140625,1230.277,2019-05-03
2019-05-06,1189.3900146484375,1228.0615,2019-05-06
2019-05-07,1174.0999755859375,1223.5165,2019-05-07
2019-05-08,1166.27001953125,1217.1819,2019-05-08
2019-05-09,1162.3800048828125,1209.6058,2019-05-09
2019-05-10,1164.27001953125,1201.3104,2019-05-10
2019-05-13,1132.030029296875,1192.8109,2019-05-13
2019-05-14,1120.43994140625,1184.2765,2019-05-14
2019-05-15,1164.2099609375,1175.7014,2019-05-15
2019-05-16,1178.97998046875,1167.5128,2019-05-16
2019-05-17,1162.300048828125,1160.3402,2019-05-17
2019-05-20,1138.8499755859375,1154.5455,2019-05-20
2019-05-21,1149.6300048828125,1150.0485,2019-05-21
2019-05-22,1151.4200439453125,1146.7001,2019-05-22
2019-05-23,1140.77001953125,1144.337,2019-05-23
2019-05-24,1133.469970703125,1142.6938,2019-05-24
2019-05-28,1134.1500244140625,1141.4479,2019-05-28
2019-05-29,1116.4599609375,1140.3411,2019-05-29
2019-05-30,1117.949951171875,1139.0498,2019-05-30
2019-05-31,1103.6300048828125,1137.3634,2019-05-31
2019-06-03,1036.22998046875,1135.0812,2019-06-03
2019-06-04,1053.050048828125,1131.5128,2019-06-04
2019-06-05,1042.219970703125,1126.2935,2019-06-05
2019-06-06,1044.3399658203125,1119.3331,2019-06-06
2019-06-07,1066.0400390625,1110.8699,2019-06-07
2019-06-10,1080.3800048828125,1101.5676,2019-06-10
2019-06-11,1078.719970703125,1092.3213,2019-06-11
2019-06-12,1077.030029296875,1083.9164,2019-06-12
2019-06-13,1088.77001953125,1076.8861,2019-06-13
2019-06-14,1085.3499755859375,1071.6069,2019-06-14
2019-06-17,1092.5,1068.1891,2019-06-17
2019-06-18,1103.5999755859375,1066.5906,2019-06-18
2019-06-19,1102.3299560546875,1066.7164,2019-06-19
2019-06-20,1111.4200439453125,1068.344,2019-06-20
2019-06-21,1121.8800048828125,1071.2316,2019-06-21
2019-06-24,1115.52001953125,1075.1759,2019-06-24
2019-06-25,1086.3499755859375,1079.8691,2019-06-25
2019-06-26,1079.800048828125,1084.6881,2019-06-26
2019-06-27,1076.010009765625,1088.9705,2019-06-27
2019-06-28,1080.9100341796875,1092.1913,2019-06-28
2019-07-01,1097.949951171875,1094.1095,2019-07-01
2019-07-02,1111.25,1094.875,2019-07-02
2019-07-03,1121.5799560546875,1094.9172,2019-07-03
2019-07-05,1131.5899658203125,1094.7775,2019-07-05
2019-07-08,1116.3499755859375,1094.984,2019-07-08
2019-07-09,1124.8299560546875,1095.7394,2019-07-09
2019-07-10,1140.47998046875,1097.1132,2019-07-10
2019-07-11,1144.2099609375,1099.1945,2019-07-11
2019-07-12,1144.9000244140625,1102.0132,2019-07-12
2019-07-15,1150.3399658203125,1105.4963,2019-07-15
2019-07-16,1153.5799560546875,1109.5251,2019-07-16
2019-07-17,1146.3499755859375,1113.9497,2019-07-17
2019-07-18,1146.3299560546875,1118.5135,2019-07-18
2019-07-19,1130.0999755859375,1122.9445,2019-07-19
2019-07-22,1138.0699462890625,1126.8601,2019-07-22
2019-07-23,1146.2099609375,1130.0256,2019-07-23
2019-07-24,1137.81005859375,1132.4172,2019-07-24
2019-07-25,1132.1199951171875,1134.042,2019-07-25
2019-07-26,1250.4100341796875,1134.9027,2019-07-26
2019-07-29,1239.4100341796875,1136.1333,2019-07-29
2019-07-30,1225.1400146484375,1138.7554,2019-07-30
2019-07-31,1216.6800537109375,1143.2084,2019-07-31
2019-08-01,1209.010009765625,1149.361,2019-08-01
2019-08-02,1193.989990234375,1156.6782,2019-08-02
2019-08-05,1152.3199462890625,1164.3528,2019-08-05
2019-08-06,1169.949951171875,1171.2405,2019-08-06
2019-08-07,1173.989990234375,1176.5746,2019-08-07
2019-08-08,1204.800048828125,1180.0255,2019-08-08
2019-08-09,1188.010009765625,1181.885,2019-08-09
2019-08-12,1174.7099609375,1182.502,2019-08-12
2019-08-13,1197.27001953125,1182.1102,2019-08-13
2019-08-14,1164.2900390625,1181.123,2019-08-14
2019-08-15,1167.260009765625,1179.6406,2019-08-15
2019-08-16,1177.5999755859375,1177.7157,2019-08-16
2019-08-19,1198.449951171875,1175.5146,2019-08-19
2019-08-20,1182.68994140625,1173.4249,2019-08-20
2019-08-21,1191.25,1171.661,2019-08-21
2019-08-22,1189.530029296875,1170.3971,2019-08-22
2019-08-23,1151.2900390625,1169.7035,2019-08-23
2019-08-26,1168.8900146484375,1169.214,2019-08-26
2019-08-27,1167.8399658203125,1168.683,2019-08-27
2019-08-28,1171.02001953125,1167.9706,2019-08-28
2019-08-29,1192.8499755859375,1167.062,2019-08-29
2019-08-30,1188.0999755859375,1166.2124,2019-08-30
2019-09-03,1168.3900146484375,1165.6493,2019-09-03
2019-09-04,1181.4100341796875,1165.333,2019-09-04
2019-09-05,1211.3800048828125,1165.2562,2019-09-05
2019-09-06,1204.9300537109375,1165.679,2019-09-06
2019-09-09,1204.4100341796875,1166.7711,2019-09-09
2019-09-10,1206.0,1168.5626,2019-09-10
2019-09-11,1220.1700439453125,1170.9752,2019-09-11
2019-09-12,1234.25,1173.978,2019-09-12
2019-09-13,1239.56005859375,1177.6188,2019-09-13
2019-09-16,1231.300048828125,1181.9213,2019-09-16
2019-09-17,1229.1500244140625,1186.7269,2019-09-17
2019-09-18,1232.4100341796875,1191.7612,2019-09-18
2019-09-19,1238.7099609375,1196.7539,2019-09-19
2019-09-20,1229.9300537109375,1201.5228,2019-09-20
2019-09-23,1234.030029296875,1205.8557,2019-09-23
2019-09-24,1218.760009765625,1209.618,2019-09-24
2019-09-25,1246.52001953125,1212.6033,2019-09-25
2019-09-26,1241.3900146484375,1214.9229,2019-09-26
2019-09-27,1225.0899658203125,1216.7322,2019-09-27
2019-09-30,1219.0,1218.0283,2019-09-30
2019-10-01,1205.0999755859375,1218.7292,2019-10-01
2019-10-02,1176.6300048828125,1218.6597,2019-10-02
2019-10-03,1187.8299560546875,1217.4645,2019-10-03
2019-10-04,1209.0,1215.0308,2019-10-04
2019-10-07,1207.6800537109375,1211.6606,2019-10-07
2019-10-08,1189.1300048828125,1207.7904,2019-10-08
2019-10-09,1202.31005859375,1203.6829,2019-10-09
2019-10-10,1208.6700439453125,1199.6499,2019-10-10
2019-10-11,1215.449951171875,1196.0204,2019-10-11
2019-10-14,1217.1400146484375,1193.104,2019-10-14
2019-10-15,1243.010009765625,1191.1077,2019-10-15
2019-10-16,1243.6400146484375,1190.3364,2019-10-16
2019-10-17,1253.0699462890625,1190.961,2019-10-17
2019-10-18,1245.489990234375,1193.0403,2019-10-18
2019-10-21,1246.1500244140625,1196.382,2019-10-21
2019-10-22,1242.800048828125,1200.6514,2019-10-22
2019-10-23,1259.1300048828125,1205.4227,2019-10-23
2019-10-24,1260.989990234375,1210.4292,2019-10-24
2019-10-25,1265.1300048828125,1215.4803,2019-10-25
2019-10-28,1290.0,1220.4495,2019-10-28
2019-10-29,1262.6199951171875,1225.4495,2019-10-29
2019-10-30,1261.2900390625,1230.3324,2019-10-30
2019-10-31,1260.1099853515625,1234.8606,2019-10-31
2019-11-01,1273.739990234375,1238.8049,2019-11-01
2019-11-04,1291.3699951171875,1242.1311,2019-11-04
2019-11-05,1292.030029296875,1245.0471,2019-11-05
2019-11-06,1291.800048828125,1247.7833,2019-11-06
2019-11-07,1308.8599853515625,1250.4941,2019-11-07
2019-11-08,1311.3699951171875,1253.395,2019-11-08
2019-11-11,1299.18994140625,1256.6343,2019-11-11
2019-11-12,1298.800048828125,1260.1289,2019-11-12
2019-11-13,1298.0,1263.6891,2019-11-13
2019-11-14,1311.4599609375,1267.0979,2019-11-14
2019-11-15,1334.8699951171875,1270.2917,2019-11-15
2019-11-18,1320.699951171875,1273.4689,2019-11-18
2019-11-19,1315.4599609375,1276.6925,2019-11-19
2019-11-20,1303.050048828125,1279.8851,2019-11-20
2019-11-21,1301.3499755859375,1282.8048,2019-11-21
2019-11-22,1295.3399658203125,1285.204,2019-11-22
2019-11-25,1306.68994140625,1286.8651,2019-11-25
2019-11-26,1313.550048828125,1287.7843,2019-11-26
2019-11-27,1312.989990234375,1288.1333,2019-11-27
2019-11-29,1304.9599609375,1288.1237,2019-11-29
2019-12-02,1289.9200439453125,1287.8738,2019-12-02
2019-12-03,1295.280029296875,1287.3231,2019-12-03
2019-12-04,1320.5400390625,1286.4498,2019-12-04
2019-12-05,1328.1300048828125,1285.5104,2019-12-05
2019-12-06,1340.6199951171875,1284.8568,2019-12-06
2019-12-09,1343.56005859375,1284.8698,2019-12-09
2019-12-10,1344.6600341796875,1285.8062,2019-12-10
2019-12-11,1345.02001953125,1287.7421,2019-12-11
2019-12-12,1350.27001953125,1290.5842,2019-12-12
2019-12-13,1347.8299560546875,1294.1652,2019-12-13
2019-12-16,1361.1700439453125,1298.2286,2019-12-16
2019-12-17,1355.1199951171875,1302.6102,2019-12-17
2019-12-18,1352.6199951171875,1307.0986,2019-12-18
2019-12-19,1356.0400390625,1311.4553,2019-12-19
2019-12-20,1349.5899658203125,1315.4998,2019-12-20
2019-12-23,1348.8399658203125,1319.0458,2019-12-23
2019-12-24,1343.56005859375,1321.955,2019-12-24
2019-12-26,1360.4000244140625,1324.1141,2019-12-26
2019-12-27,1351.8900146484375,1325.637,2019-12-27
2019-12-30,1336.1400146484375,1326.6278,2019-12-30
2019-12-31,1337.02001953125,1327.0477,2019-12-31
2020-01-02,1367.3699951171875,1326.8702,2020-01-02
2020-01-03,1360.6600341796875,1326.3987,2020-01-03
2020-01-06,1394.2099609375,1325.9152,2020-01-06
2020-01-07,1393.3399658203125,1325.9242,2020-01-07
2020-01-08,1404.3199462890625,1326.8052,2020-01-08
2020-01-09,1419.8299560546875,1328.8164,2020-01-09
2020-01-10,1429.72998046875,1332.1359,2020-01-10
2020-01-13,1439.22998046875,1336.8208,2020-01-13
2020-01-14,1430.8800048828125,1342.8099,2020-01-14
2020-01-15,1439.199951171875,1349.7875,2020-01-15
2020-01-16,1451.699951171875,1357.3822,2020-01-16
2020-01-17,1480.3900146484375,1365.3005,2020-01-17
2020-01-21,1484.4000244140625,1373.5111,2020-01-21
2020-01-22,1485.949951171875,1382.0004,2020-01-22
2020-01-23,1486.6500244140625,1390.672,2020-01-23
2020-01-24,1466.7099609375,1399.336,2020-01-24
2020-01-27,1433.9000244140625,1407.562,2020-01-27
2020-01-28,1452.56005859375,1414.63,2020-01-28
2020-01-29,1458.6300048828125,1420.1251,2020-01-29
2020-01-30,1455.8399658203125,1423.959,2020-01-30
2020-01-31,1434.22998046875,1426.2318,2020-01-31
2020-02-03,1485.93994140625,1426.975,2020-02-03
2020-02-04,1447.0699462890625,1426.7592,2020-02-04
2020-02-05,1448.22998046875,1425.8748,2020-02-05
2020-02-06,1476.22998046875,1424.5183,2020-02-06
2020-02-07,1479.22998046875,1423.0947,2020-02-07
2020-02-10,1508.6800537109375,1421.9988,2020-02-10
2020-02-11,1508.7900390625,1421.7572,2020-02-11
2020-02-12,1518.27001953125,1422.7213,2020-02-12
2020-02-13,1514.6600341796875,1425.072,2020-02-13
2020-02-14,1520.739990234375,1428.7231,2020-02-14
2020-02-18,1519.6700439453125,1433.4509,2020-02-18
2020-02-19,1526.68994140625,1438.9149,2020-02-19
2020-02-20,1518.1500244140625,1444.7924,2020-02-20
2020-02-21,1485.1099853515625,1450.6924,2020-02-21
2020-02-24,1421.5899658203125,1455.9672,2020-02-24
2020-02-25,1388.449951171875,1459.5167,2020-02-25
2020-02-26,1393.1800537109375,1460.2303,2020-02-26
2020-02-27,1318.0899658203125,1457.5641,2020-02-27
2020-02-28,1339.3299560546875,1450.9166,2020-02-28
2020-03-02,1389.1099853515625,1440.3993,2020-03-02
2020-03-03,1341.3900146484375,1427.1353,2020-03-03
2020-03-04,1386.52001953125,1412.1431,2020-03-04
2020-03-05,1319.0400390625,1396.805,2020-03-05
2020-03-06,1298.4100341796875,1381.7869,2020-03-06
2020-03-09,1215.56005859375,1367.2885,2020-03-09
2020-03-10,1280.3900146484375,1352.6659,2020-03-10
2020-03-11,1215.4100341796875,1337.9379,2020-03-11
2020-03-12,1114.9100341796875,1322.8845,2020-03-12
2020-03-13,1219.72998046875,1306.5557,2020-03-13
2020-03-16,1084.3299560546875,1289.2476,2020-03-16
2020-03-17,1119.800048828125,1270.5721,2020-03-17
2020-03-18,1096.800048828125,1250.6569,2020-03-18
2020-03-19,1115.2900390625,1229.825,2020-03-19
2020-03-20,1072.3199462890625,1208.8118,2020-03-20
2020-03-23,1056.6199951171875,1188.104,2020-03-23
2020-03-24,1134.4599609375,1168.0131,2020-03-24
2020-03-25,1102.489990234375,1149.5674,2020-03-25
2020-03-26,1161.75,1133.5006,2020-03-26
2020-03-27,1110.7099609375,1120.7805,2020-03-27
2020-03-30,1146.8199462890625,1111.585,2020-03-30
2020-03-31,1162.81005859375,1105.9585,2020-03-31
2020-04-01,1105.6199951171875,1103.8275,2020-04-01
2020-04-02,1120.8399658203125,1104.3394,2020-04-02
2020-04-03,1097.8800048828125,1106.5804,2020-04-03
2020-04-06,1186.9200439453125,1109.5145,2020-04-06
2020-04-07,1186.510009765625,1113.103,2020-04-07
2020-04-08,1210.280029296875,1117.5431,2020-04-08
2020-04-09,1211.449951171875,1123.1642,2020-04-09
2020-04-13,1217.56005859375,1130.1062,2020-04-13
2020-04-14,1269.22998046875,1138.2931,2020-04-14
2020-04-15,1262.469970703125,1147.8954,2020-04-15
2020-04-16,1263.469970703125,1158.8407,2020-04-16
2020-04-17,1283.25,1170.7966,2020-04-17
2020-04-20,1266.6099853515625,1183.4247,2020-04-20
2020-04-21,1216.3399658203125,1196.1465,2020-04-21
2020-04-22,1263.2099609375,1207.8802,2020-04-22
2020-04-23,1276.31005859375,1218.0813,2020-04-23
2020-04-24,1279.31005859375,1226.6542,2020-04-24
2020-04-27,1275.8800048828125,1233.7329,2020-04-27
2020-04-28,1233.6700439453125,1239.4927,2020-04-28
2020-04-29,1341.47998046875,1243.7244,2020-04-29
2020-04-30,1348.6600341796875,1247.2091,2020-04-30
2020-05-01,1320.6099853515625,1250.8857,2020-05-01
2020-05-04,1326.800048828125,1255.1693,2020-05-04
2020-05-05,1351.1099853515625,1260.1584,2020-05-05
2020-05-06,1347.300048828125,1265.9381,2020-05-06
2020-05-07,1372.56005859375,1272.4078,2020-05-07
2020-05-08,1388.3699951171875,1279.5529,2020-05-08
2020-05-11,1403.260009765625,1287.4082,2020-05-11
2020-05-12,1375.739990234375,1296.0162,2020-05-12
2020-05-13,1349.3299560546875,1305.0182,2020-05-13
2020-05-14,1356.1300048828125,1313.6785,2020-05-14
2020-05-15,1373.18994140625,1321.3604,2020-05-15
2020-05-18,1383.93994140625,1327.7906,2020-05-18
2020-05-19,1373.4849853515625,1333.015,2020-05-19
2020-05-20,1406.719970703125,1337.1101,2020-05-20
2020-05-21,1402.800048828125,1340.4845,2020-05-21
2020-05-22,1410.4200439453125,1343.513,2020-05-22
2020-05-26,1417.02001953125,1346.5162,2020-05-26
2020-05-27,1417.8399658203125,1349.7355,2020-05-27
2020-05-28,1416.72998046875,1353.2744,2020-05-28
2020-05-29,1428.9200439453125,1357.0944,2020-05-29
2020-06-01,1431.8199462890625,1361.1743,2020-06-01
2020-06-02,1439.219970703125,1365.4689,2020-06-02
2020-06-03,1436.3800048828125,1369.9469,2020-06-03
2020-06-04,1412.1800537109375,1374.5067,2020-06-04
2020-06-05,1438.3900146484375,1378.7871,2020-06-05
2020-06-08,1446.6099853515625,1382.6677,2020-06-08
2020-06-09,1456.1600341796875,1386.1979,2020-06-09
2020-06-10,1465.8499755859375,1389.5441,2020-06-10
2020-06-11,1403.8399658203125,1392.9268,2020-06-11
2020-06-12,1413.1800537109375,1395.9293,2020-06-12
2020-06-15,1419.8499755859375,1398.1469,2020-06-15
2020-06-16,1442.719970703125,1399.388,2020-06-16
2020-06-17,1451.1199951171875,1399.8478,2020-06-17
2020-06-18,1435.9599609375,1399.9121,2020-06-18
2020-06-19,1431.719970703125,1399.8104,2020-06-19
2020-06-22,1451.8599853515625,1399.6339,2020-06-22
2020-06-23,1464.4100341796875,1399.5923,2020-06-23
2020-06-24,1431.969970703125,1399.9706,2020-06-24
2020-06-25,1441.3299560546875,1400.6685,2020-06-25
2020-06-26,1359.9000244140625,1401.5549,2020-06-26
2020-06-29,1394.969970703125,1401.7736,2020-06-29
2020-06-30,1413.6099853515625,1400.8639,2020-06-30
2020-07-01,1438.0400390625,1398.8728,2020-07-01
2020-07-02,1464.699951171875,1396.312,2020-07-02
2020-07-06,1495.699951171875,1393.997,2020-07-06
2020-07-07,1485.1800537109375,1392.8834,2020-07-07
2020-07-08,1496.0,1393.5183,2020-07-08
2020-07-09,1510.989990234375,1396.1234,2020-07-09
2020-07-10,1541.739990234375,1400.7097,2020-07-10
2020-07-13,1511.3399658203125,1407.295,2020-07-13
2020-07-14,1520.5799560546875,1415.3998,2020-07-14
2020-07-15,1513.6400146484375,1424.4222,2020-07-15
2020-07-16,1518.0,1433.6725,2020-07-16
2020-07-17,1515.550048828125,1442.5647,2020-07-17
2020-07-20,1565.719970703125,1450.6323,2020-07-20
2020-07-21,1558.4200439453125,1458.0068,2020-07-21
2020-07-22,1568.489990234375,1464.8713,2020-07-22
2020-07-23,1515.6800537109375,1471.432,2020-07-23
2020-07-24,1511.8699951171875,1477.3284,2020-07-24
2020-07-27,1530.199951171875,1482.0939,2020-07-27
2020-07-28,1500.3399658203125,1485.5605,2020-07-28
2020-07-29,1522.02001953125,1487.4948,2020-07-29
2020-07-30,1531.449951171875,1488.0048,2020-07-30
2020-07-31,1482.9599609375,1487.451,2020-07-31
2020-08-03,1474.449951171875,1485.8246,2020-08-03
2020-08-04,1464.969970703125,1483.0344,2020-08-04
2020-08-05,1473.6099853515625,1479.0189,2020-08-05
2020-08-06,1500.0999755859375,1473.9519,2020-08-06
2020-08-07,1494.489990234375,1468.3923,2020-08-07
2020-08-10,1496.0999755859375,1462.8971,2020-08-10
2020-08-11,1480.3199462890625,1457.9307,2020-08-11
2020-08-12,1506.6199951171875,1453.6647,2020-08-12
2020-08-13,1518.449951171875,1450.3574,2020-08-13
2020-08-14,1507.72998046875,1448.2819,2020-08-14
2020-08-17,1517.97998046875,1447.4706,2020-08-17
2020-08-18,1558.5999755859375,1447.881,2020-08-18
2020-08-19,1547.530029296875,1449.7229,2020-08-19
2020-08-20,1581.75,1452.9934,2020-08-20
2020-08-21,1580.4200439453125,1457.7926,2020-08-21
2020-08-24,1588.199951171875,1464.0402,2020-08-24
2020-08-25,1608.219970703125,1471.5209,2020-08-25
2020-08-26,1652.3800048828125,1480.0459,2020-08-26
2020-08-27,1634.3299560546875,1489.7073,2020-08-27
2020-08-28,1644.4100341796875,1500.3055,2020-08-28
2020-08-31,1634.1800537109375,1511.5217,2020-08-31
2020-09-01,1660.7099609375,1522.8386,2020-09-01
2020-09-02,1728.280029296875,1533.9384,2020-09-02
2020-09-03,1641.8399658203125,1545.1432,2020-09-03
2020-09-04,1591.0400390625,1555.9872,2020-09-04
2020-09-08,1532.3900146484375,1565.397,2020-09-08
2020-09-09,1556.9599609375,1571.9366,2020-09-09
2020-09-10,1532.02001953125,1574.8513,2020-09-10
2020-09-11,1520.719970703125,1573.8307,2020-09-11
2020-09-14,1519.280029296875,1569.0037,2020-09-14
2020-09-15,1541.43994140625,1560.9142,2020-09-15
2020-09-16,1520.9000244140625,1550.5898,2020-09-16
2020-09-17,1495.530029296875,1538.9955,2020-09-17
2020-09-18,1459.989990234375,1526.789,2020-09-18
2020-09-21,1431.1600341796875,1514.1995,2020-09-21
2020-09-22,1465.4599609375,1501.161,2020-09-22
2020-09-23,1415.2099609375,1488.0024,2020-09-23
2020-09-24,1428.2900390625,1474.7715,2020-09-24
2020-09-25,1444.9599609375,1461.682,2020-09-25
2020-09-28,1464.52001953125,1449.203,2020-09-28
2020-09-29,1469.3299560546875,1438.0065,2020-09-29
2020-09-30,1469.5999755859375,1428.6945,2020-09-30
2020-10-01,1490.0899658203125,1421.6353,2020-10-01
2020-10-02,1458.4200439453125,1417.1049,2020-10-02
2020-10-05,1486.02001953125,1414.844,2020-10-05
2020-10-06,1453.43994140625,1414.6075,2020-10-06
2020-10-07,1460.2900390625,1415.7817,2020-10-07
2020-10-08,1485.9300537109375,1417.7681,2020-10-08
2020-10-09,1515.219970703125,1420.2921,2020-10-09
2020-10-12,1569.1500244140625,1423.4536,2020-10-12
2020-10-13,1571.6800537109375,1427.8368,2020-10-13
2020-10-14,1568.0799560546875,1433.8848,2020-10-14
2020-10-15,1559.1300048828125,1441.647,2020-10-15
2020-10-16,1573.010009765625,1450.744,2020-10-16
2020-10-19,1534.6099853515625,1460.7012,2020-10-19
2020-10-20,1555.9300537109375,1470.6404,2020-10-20
2020-10-21,1593.31005859375,1479.9108,2020-10-21
2020-10-22,1615.3299560546875,1488.4005,2020-10-22
2020-10-23,1641.0,1496.3563,2020-10-23
2020-10-26,1590.449951171875,1504.2445,2020-10-26
2020-10-27,1604.260009765625,1511.9373,2020-10-27
2020-10-28,1516.6199951171875,1519.2253,2020-10-28
2020-10-29,1567.239990234375,1525.117,2020-10-29
2020-10-30,1621.010009765625,1529.1729,2020-10-30
2020-11-02,1626.030029296875,1531.8025,2020-11-02
2020-11-03,1650.2099609375,1533.6759,2020-11-03
2020-11-04,1749.1300048828125,1535.599,2020-11-04
2020-11-05,1763.3699951171875,1539.0194,2020-11-05
2020-11-06,1761.75,1545.112,2020-11-06
2020-11-09,1763.0,1554.3386,2020-11-09
2020-11-10,1740.3900146484375,1566.4747,2020-11-10
2020-11-11,1752.7099609375,1580.6016,2020-11-11
2020-11-12,1749.8399658203125,1595.6713,2020-11-12
2020-11-13,1777.02001953125,1610.6505,2020-11-13
2020-11-16,1781.3800048828125,1624.9081,2020-11-16
2020-11-17,1770.1500244140625,1638.0636,2020-11-17
2020-11-18,1746.780029296875,1649.7823,2020-11-18
2020-11-19,1763.9200439453125,1659.637,2020-11-19
2020-11-20,1742.18994140625,1667.4908,2020-11-20
2020-11-23,1734.8599853515625,1673.217,2020-11-23
2020-11-24,1768.8800048828125,1676.776,2020-11-24
2020-11-25,1771.4300537109375,1678.5817,2020-11-25
2020-11-27,1793.18994140625,1679.1924,2020-11-27
2020-11-30,1760.739990234375,1679.3157,2020-11-30
2020-12-01,1798.0999755859375,1679.2509,2020-12-01
2020-12-02,1827.949951171875,1679.4255,2020-12-02
2020-12-03,1826.77001953125,1680.4025,2020-12-03
2020-12-04,1827.989990234375,1682.5332,2020-12-04
2020-12-07,1819.47998046875,1685.9042,2020-12-07
2020-12-08,1818.550048828125,1690.2937,2020-12-08
2020-12-09,1784.1300048828125,1695.3245,2020-12-09
2020-12-10,1775.3299560546875,1700.2925,2020-12-10
2020-12-11,1781.77001953125,1704.4944,2020-12-11
2020-12-14,1760.06005859375,1707.507,2020-12-14
2020-12-15,1767.77001953125,1708.9941,2020-12-15
2020-12-16,1763.0,1708.9192,2020-12-16
2020-12-17,1747.9000244140625,1707.424,2020-12-17
2020-12-18,1731.010009765625,1704.661,2020-12-18
2020-12-21,1739.3699951171875,1700.7249,2020-12-21
2020-12-22,1723.5,1695.8674,2020-12-22
2020-12-23,1732.3800048828125,1690.2949,2020-12-23
2020-12-24,1738.8499755859375,1684.3297,2020-12-24
2020-12-28,1776.0899658203125,1678.3779,2020-12-28
2020-12-29,1758.719970703125,1673.129,2020-12-29
2020-12-30,1739.52001953125,1669.0024,2020-12-30
2020-12-31,1751.8800048828125,1666.0127,2020-12-31
2021-01-04,1728.239990234375,1664.0991,2021-01-04
2021-01-05,1740.9200439453125,1662.9287,2021-01-05
2021-01-06,1735.2900390625,1662.2546,2021-01-06
2021-01-07,1787.25,1661.8468,2021-01-07
2021-01-08,1807.2099609375,1661.9803,2021-01-08
2021-01-11,1766.719970703125,1663.1196,2021-01-11
2021-01-12,1746.550048828125,1665.2164,2021-01-12
2021-01-13,1754.4000244140625,1667.825,2021-01-13
2021-01-14,1740.1800537109375,1670.5112,2021-01-14
2021-01-15,1736.18994140625,1672.8159,2021-01-15
2021-01-19,1790.8599853515625,1674.3826,2021-01-19
2021-01-20,1886.9000244140625,1675.4965,2021-01-20
2021-01-21,1891.25,1677.3822,2021-01-21
2021-01-22,1901.050048828125,1681.1262,2021-01-22
2021-01-25,1899.4000244140625,1687.3549,2021-01-25
2021-01-26,1917.239990234375,1696.0896,2021-01-26
2021-01-27,1830.7900390625,1707.0225,2021-01-27
2021-01-28,1863.1099853515625,1718.819,2021-01-28
2021-01-29,1835.739990234375,1730.3376,2021-01-29
2021-02-01,1901.3499755859373,1740.4985,2021-02-01
2021-02-02,1927.510009765625,1749.1185,2021-02-02
2021-02-03,2070.070068359375,1756.5704,2021-02-03
2021-02-04,2062.3701171875,1764.478,2021-02-04
2021-02-05,2098.0,1774.1335,2021-02-05
2021-02-08,2092.909912109375,1786.4011,2021-02-08
2021-02-09,2083.510009765625,1801.3584,2021-02-09
2021-02-10,2095.3798828125,1818.3723,2021-02-10
2021-02-11,2095.889892578125,1836.5413,2021-02-11
2021-02-12,2104.110107421875,1854.8717,2021-02-12
2021-02-16,2121.89990234375,1872.5077,2021-02-16
2021-02-17,2127.971435546875,1888.9038,2021-02-17
